,name,score,seq,class
0,>NP_002006.2 forkhead box protein O1 [Homo sapiens],-1713.4195880778857,MAEAPQVVEIDPDFEPLPRPRSCTWPLPRPEFSQSNSATSSPAPSGSAAANPDAAAGLPSASAAAVSADFMSNLSLLEESEDFPQAPGSVAAAVAAAAAAAATGGLCGDFQGPEAGCLHPAPPQPPPPGPLSQHPPVPPAAAGPLAGQPRKSSSSRRNAWGNLSYADLITKAIESSAEKRLTLSQIYEWMVKSVPYFKDKGDSNSSAGWKNSIRHNLSLHSKFIRVQNEGTGKSSWWMLNPEGGKSGKSPRRRAASMDNNSKFAKSRSRAAKKKASLQSGQEGAGDSPGSQFSKWPASPGSHSNDDFDNWSTFRPRTSSNASTISGRLSPIMTEQDDLGEGDVHSMVYPPSAAKMASTLPSLSEISNPENMENLLDNLNLLSSPTSLTVSTQSSPGTMMQQTPCYSFAPPNTSLNSPSPNYQKYTYGQSSMSPLPQMPIQTLQDNKSSYGGMSQYNCAPGLLKELLTSDSPPHNDIMTPVDPGVAQPNSRVLGQNVMMGPNSVMSTYGSQASHNKMMNPSSHTHPGHAQQTSAVNGRPLPHTVSTMPHTSGMNRLTQVKTPVQVPLPHPMQMSALGGYSSVSSCNGYGRMGLLHQEKLPSDLDGMFIERLDCDMESIIRNDLMDGDTLDFNFDNVLPNQSFPHSVKTTTHSWVSG,foxo1
1,>XP_010343312.2 forkhead box protein O1 [Saimiri boliviensis boliviensis],-1708.68010365458,MAEAPQVVEIDPDFEPLPRPRSCTWPLPRPEFSQSNSATSSPAPSGGAAANPDAAAGLPSASAAAVSADFMSNLSLLEENEDFPQAPGSVAAAVAAAAVAAAGGLCGDFQGPEAGCLHPAPPQPPPPGPLPQHPPVPPAAAGPLAGQPRKSSSSRRNAWGNLSYADLITKAIESSAEKRLTLSQIYEWMVKSVPYFKDKGDSNSSAGWKNSIRHNLSLHSKFIRVQNEGTGKSSWWMLNPEGGKSGKSPRRRAASMDNNSKFAKSRSRAAKKKASLQSGQEGAGDSPGSQFSKWPASPGSHSNDDFDNWSTFRPRTSSNASTISGRLSPIMTEQDDLGEGDVHSMVYPPSAAKMASTLPSLSEISSPENMENLLDNLNLLSSPTSLTVSTQSSPGTMMQQTPCYSFAPPNTSLNSPSPNYQKYTYGQSSMSPLPQMPMQTLQDSKSSYGGMNQYNCAPGLLKELLTSDSPPHNDIMTPVDPAVAQPNSRVLGQNVMMGPSSVMSTYGSQASHNKMMNPSSHTHPGHTQQPSAVNGRALSHTVSTMPHTSGMNRLTQVKTPVQVPLPHSMQMSALGGYSSVSSCNGYGRMGLLHQEKLPSDLDGMFIERLDCDMESIIRNDLMDGDTLDFNFDNVLPNQSFPHSVKTTTHSWVSG,foxo1
2,>XP_007958397.1 forkhead box protein O1 [Chlorocebus sabaeus],-1713.4195880778857,MAEAPQVVEIDPDFEPLPRPRSCTWPLPRPEFSQSNSATSSPAPSGGAAANPDAAAGLPSASAAAVSADFMSNLSLLEESEDFPQAPGSVAAAVAAAAAAAATGGLCGDFQGPEAGCLHPAPPQPPPPGPLSQHPPVPPAAAGPLAGQPRKSSSSRRNAWGNLSYADLITKAIESSAEKRLTLSQIYEWMVKSVPYFKDKGDSNSSAGWKNSIRHNLSLHSKFIRVQNEGTGKSSWWMLNPEGGKSGKSPRRRAASMDNNSKFAKSRSRAAKKKASLQSGQEGAGDSPGSQFSKWPASPGSHSNDDFDNWSTFRPRTSSNASTISGRLSPIMTEQDDLGEGDVHSMVYPPSAAKMASTLPSLSEISNPENMENLLDNLNLLSSPTSLTVSTQSSPGTMMQQTPCYSFAPPNTSLNSPSPNYQKYTYGQSSMSPLPQMPMQTLQDNKSSYGGMSQYNCAPGLLKELLTSDSPPHNDIMTPVDPGVAQPNSRVLGQNVMMGPNSVMSTYGSQASHNKMMNPSSHTHPGHAQQTSAVNGRALSHTVSTMPHTSGMNRLTQVKTPVQVPLPHPMQMSVLGGYSSVSSCNGYGRMGLLHQEKLPSDLDGMFIERLDCDMESIIRNDLMDGDTLDFNFDNVLPNQSFPHSVKTTTHSWVSG,foxo1
3,>XP_008996417.2 forkhead box protein O1 [Callithrix jacchus],-1711.8890890589184,MAEAPQVVEIDPDFEPLPRPRSCTWPLPRPEFSQSSSATSSPAPSGGAAANPDAAAGLPSASAAAVSADFMSNLSLLEENEDFPQAPGSVAAAVAAAAVAAAGGLCGDFQGPEAGCLHPAPPQPPPPGPLPQHPPVPPAAAGPLAGQPRKSSSSRRNAWGNLSYADLITKAIESSAEKRLTLSQIYEWMVKSVPYFKDKGDSNSSAGWKNSIRHNLSLHSKFIRVQNEGTGKSSWWMLNPEGGKSGKSPRRRAASMDNNSKFAKSRSRAAKKKASLQSGQEGAGDSPGSQFSKWPASPGSHSNDDFDNWSTFRPRTSSNASTISGRLSPIMTEQDDLGEGDVHSMVYPPSAAKMASTLPSLSEISNPENMENLLDNLNLLSSPTSLTVSTQSSPGTMMQQTPCYSFAPPNTSLNSPSQNYQKYTYGQSSMSPLPQMPMQTLQDSKSSYGGMSQYNCAPGLLKELLTSDSPPHNDIMTPVDPAVAQPNSRVLGQNVMMGPNSVMSTYGSQASHNKMMNPSSHTHPGHTQQTSAVNGRALPHTVSTMPHTSGMNRLTQVKTPVQVPLPHPMQMNALGGYSSVSSCNGYGRMGLLHQEKLPSDLDGMFIERLDCDMESIIRNDLMDGDTLDFNFDNVLPNQSFPHSVKTTTHSWVSG,foxo1
4,>XP_017397972.1 forkhead box protein O1 [Cebus imitator],-1715.228881245681,MAEAPQVVEIDPDFEPLPRPRSCTWPLPRPEFSQSNSATSSPAPSGGAAANPDAAAGLPSASAAAVSADFMSNLSLLEENEDFPQAPGSVAAAVAAAAVAAAGGLCGDFQGPEAGCLHPAPPQPPPPGPLPQHPPVPPAAAGPLAGQPRKSSSSRRNAWGNLSYADLITKAIESSAEKRLTLSQIYEWMVKSVPYFKDKGDSNSSAGWKNSIRHNLSLHSKFIRVQNEGTGKSSWWMLNPEGGKSGKSPRRRAASMDNNSKFAKSRSRAAKKKASLQSGQEGAGDSPGSQFSKWPASPGSHSNDDFDNWSTFRPRTSSNASTISGRLSPIMTEQDDLGEGDVHSMVYPPSAAKMASTLPSLSEISNPENMENLLDNLNLLSSPTSLTVSTQSSPGTMMQQTPCYSFAPPNTSLNSPSPNYQKYTYGQSSMSPLPQMPMQTLQDSKSSYGGMNQYNCAPGLLKELLTSDSPPHNDIMTPVDPAVAQPNSRVLGQNVMMGPNSVMSTYGSQASHNKMMNPSSHTHPGHTQQTSAVNGRALPHAVSTMPHTSGMNRLTQVKTPVQVPLPHPMQMSALGGYSSVSSCNGYGRMGLLHQEKLPSDLDGMFIERLDCDMESIIRNDLMDGDTLDFNFDNVLPNQSFPHSVKTTTHSWVSG,foxo1
5,>XP_033090394.1 forkhead box protein O1 isoform X2 [Trachypithecus francoisi],-1710.175827649415,MAEAPQVVEIDPDFEPLPRPRSCTWPLPRPEFSQSNSATSSPAPSGGATANPDAAAGLPSASAAAVSADFMSNLSLLEESEDFPQAPGSVAAAVAAAAAAAATGGLCGDFQGPEAGCLHPAPPQPPPPGPLSQHPPVPPAAAVPLAGQPRKSSSSRRNAWGNLSYADLITKAIESSAEKRLTLSQIYEWMVKSVPYFKDKGDSNSSAGWKNSIRHNLSLHSKFIRVQNEGTGKSSWWMLNPEGGKSGKSPRRRAASMDNNSKFAKSRSRAAKKKASLQSGQEGAGDSPGSQFSKWPASPGSHSNDDFDNWSTFRPRTSSNASTISGRLSPIMTEQDDLGEGDVHSMVYPPSATKMASTLPSLSEISNPENMENLLDNLNLLSSPTSLTVSTQSSPGTMMQQTPCYSFAPPNTSLNSPSPNYQKYTYGQSSMSPLPQMPMQTLQDNKSSYGGMSQYNCAPGLLKELLTSDSPPHNDIMTPVDPGVAQPNSRVLGQNVMMGPNSVMSTYGSQASHNKMMNPNSHTHPGHAQQSSAVNGRALSHTVSTMPHTSGMNRLTQVKTPVQVPLPHPMQMSALGGYSSVSSCNGYGRMGLLHQEKLPSDLDGMFIERLDCDMESIIRNDLMDGDTLDFNFDNVLPNQSFPHSVKTTTHSWVSG,foxo1
6,>XP_032006629.1 forkhead box protein O1 [Hylobates moloch],-1703.5164980908933,MAEAPQVVEIDPDFEPLPRPRSCTWPLPRPEFSQSNSATSSPAPSGSAAANPDAAAGLPSASAAAVSADFMSNLSLLEESEDFPQAPGSVAAAVAAAAATGGLCGDFQGPEAGCLHPAPPQPPPPGQLSQHPPVPPAAAGPLAGQPRKSSSSRRNAWGNLSYADLITKAIESSAEKRLTLSQIYEWMVKSVPYFKDKGDSNSSAGWKNSIRHNLSLHSKFIRVQNEGTGKSSWWMLNPEGGKSGKSPRRRAASMDNNSKFAKSRSRAAKKKASLQSGQEGAGDSPGSQFSKWPASPGSHSNDDFDNWSTFRPRTSSNASTISGRLSPIMTEQDDLGEGDVHSMVYPPSAAKMASTLPSLSEISNPENMENLLDNLNLLSSPTSLTVSTQSSPGTMMQQTPCYSFAPPNTSLNSPSPNYQKYTYGQSSMSPLPQMPMQTLQDNKSSYGGMSQYNCAPGLLKELLTSDSPPHNDIMTPVDPGVAQPNSRVLGQNVMMGPNSVMSTYGSQASHNKMMNPSSHTHPGHAQQTSAVNGRPLPHTVSTMPHTSGMNRLTQVKTPVQVPLPHPMQMSALGGYSSVSSCNGYGRMGLLHQEKLPSDLDGMFIERLDCDMESIIRNDLMDGDTLDFNFDNVLPNQSFPHSVKTTTHSWVSG,foxo1
7,>XP_033090385.1 forkhead box protein O1 isoform X1 [Trachypithecus francoisi],-1827.176973125412,MAEAPQVVEIDPDFEPLPRPRSCTWPLPRPEFSQSNSATSSPAPSGGATANPDAAAGLPSASAAAVSADFMSNLSLLEESEDFPQAPGSVAAAVAAAAAAAATGGLCGDFQGPEAGCLHPAPPQPPPPGPLSQHPPVPPAAAVPLAGQPRKSSSSRRNAWGNLSYADLITKAIESSAEKRLTLSQIYEWMVKSVPYFKDKGDSNSSAGWKLLEEMKTMRSKHTANCLAFGCILAWPGGLAQNCWCQNSIRHNLSLHSKFIRVQNEGTGKSSWWMLNPEGGKSGKSPRRRAASMDNNSKFAKSRSRAAKKKASLQSGQEGAGDSPGSQFSKWPASPGSHSNDDFDNWSTFRPRTSSNASTISGRLSPIMTEQDDLGEGDVHSMVYPPSATKMASTLPSLSEISNPENMENLLDNLNLLSSPTSLTVSTQSSPGTMMQQTPCYSFAPPNTSLNSPSPNYQKYTYGQSSMSPLPQMPMQTLQDNKSSYGGMSQYNCAPGLLKELLTSDSPPHNDIMTPVDPGVAQPNSRVLGQNVMMGPNSVMSTYGSQASHNKMMNPNSHTHPGHAQQSSAVNGRALSHTVSTMPHTSGMNRLTQVKTPVQVPLPHPMQMSALGGYSSVSSCNGYGRMGLLHQEKLPSDLDGMFIERLDCDMESIIRNDLMDGDTLDFNFDNVLPNQSFPHSVKTTTHSWVSG,foxo1
8,>XP_032150427.1 forkhead box protein O1 [Sapajus apella],-1715.228881245681,MAEAPQVVEIDPDFEPLPRPRSCTWPLPRPEFSQSNSATSSPAPSGGAAANPDAAAGLPSASAAAVSADFMSNLSLLEENEDFPQAPGSVAAAVAAAAVAAAGGLCGDFQGPEAGCLHPAPPQPPPPGPLPQHPPVPPAAAGPLAGQPRKSSSSRRNAWGNLSYADLITKAIESSAEKRLTLSQIYEWMVKSVPYFKDKGDSNSSAGWKNSIRHNLSLHSKFIRVQNEGTGKSSWWMLNPEGGKSGKSPRRRAASMDNNSKFAKSRSRAAKKKASLQSGQEGAGDSPGSQFSKWPASPGSHSNDDFDNWSTFRPRTSSNASTISGRLSPIMTEQDDLGEGDVHSMVYPPSAAKMASTLPSLSEISNPENMENLLDNLNLLSSPTSLTVSTQSSPGTMMQQTPCYSFAPPNTSLNSPSPNYQKYTYGQSSMSPLPQMPMQTLQDSKSSYGGMNQYNCAPGLLKELLTSDSPPHNDIMTPVDPAVAQPNSRVLGQNVMMGPNSVMSTYGSQASHNKMMNPSSHTHPGHTQQTSAVNGRALPHAVSTMPHTSGMNRLTQVKTPVQVPLPHPMQMSALGGYSSVSSCNGYGRMGLLHQEKLPSDLDGMFIERLDCDMESIIRNDLMDGDTLDFNFDNVLPNQSFPHSVKTTTHSWVSG,foxo1
9,>XP_023064647.1 forkhead box protein O1 [Piliocolobus tephrosceles],-1710.175827649415,MAEAPQVVEIDPDFEPLPRPRSCTWPLPRPEFSQSNSATSSPAPSGGATANPDAAAGLPSASAAAVSADFMSNLSLLEESEDFPQAPGSVAAAVAAAAAAAATGGLCGDFQGPEAGCLHPAPPQPPPPGPLSQHPPVPPAAAGPLAGQPRKSSSSRRNAWGNLSYADLITKAIESSAEKRLTLSQIYEWMVKSVPYFKDKGDSNSSAGWKNSIRHNLSLHSKFIRVQNEGTGKSSWWMLNPEGGKSGKSPRRRAASMDNNSKFAKSRSRAAKKKASLQSGQEGAGDSPGSQFSKWPASPGSHSNDDFDNWSTFRPRTSSNASTISGRLSPIMTEQDDLGEGDVHSMVYPPSATKMASTLPSLSEISNPENMENLLDNLNLLSSPTSLTVSTQSSPGTMMQQTPCYSFAPPNTSLNSPSPNYQKYTYGQSSMSPLPQMPMQTLQDNKSSYGGMSQYNCAPGLLKELLTSDSPPHNDIMTPVDPGVAQPNSRVLGQNVMMGPNSVMSTYGSQASHNKMMNPNSHTHPGHAQQSSAVNGRALSHTVSTMPHTSGMNRLTQVKTPVQVPLPHPMQMSALGGYSSVSSCNGYGRMGLLHQEKLPSDLDGMFIERLDCDMESIIRNDLMDGDTLDFNFDNVLPNQSFPHSVKTTTHSWVSG,foxo1
10,>NP_001178775.1 forkhead box protein O1 [Rattus norvegicus],-1687.064630512801,MAEAPQVVETDPDFEPLPRQRSCTWPLPRPEFNQSNSTTSSPAPSGSTAANPDATASLASASAVSTDFMSNLSLLEESEDFARAPGCVAVAAAAAASRGLCGDFQGPEAGCVHSAPPQPPPTGPLSQPPPVPPAAAGPLAGQPRKTSSSRRNAWGNLSYADLITKAIESSAEKRLTLSQIYEWMVKSVPYFKDKGDSNSSAGWKNSIRHNLSLHSKFIRVQNEGTGKSSWWMLNPEGGKSGKSPRRRAASMDNNSKFAKSRGRAAKKKASLQSGQEGPGDSPGSQFSKWPASPGSHSNDDFDNWSTFRPRTSSNASTISGRLSPIMTEQDDLGDGDVHSLVYPPSAAKMASTLPSLSEISNPENMENLLDNLNLLSSPTSLTVSTQSSPGSMMQQTPCYSFAPPNTSLNSPSPNYAKYTYGQSSMSPVPQMPMQTLQDSKSSYGGLNQYNCAPGLLKELLTSDSPPHNDIMSPVDPGVAQPNSRVLGQNVLMGPNSVMPAYGSQAPHNKMMNPSSHTHPGHAQQTSSVNGRALPHVVNTMPHTSAMNRLTPVKTPLQVPLSHPMQMSALGNYSSVSSCNGYGRMGVLHQEKLPSDLDGMFIERLDCDMESIIRNDLMDGDTLDFNFDNVLPNQSFPHSVKTTTHSWVSG,foxo1
11,>NP_062713.2 forkhead box protein O1 [Mus musculus],-1706.7908868864438,MAEAPQVVETDPDFEPLPRQRSCTWPLPRPEFNQSNSTTSSPAPSGGAAANPDAAASLASASAVSTDFMSNLSLLEESEDFARAPGCVAVAAAAAASRGLCGDFQGPEAGCVHPAPPQPPPTGPLSQPPPVPPSAAAAAGPLAGQPRKTSSSRRNAWGNLSYADLITKAIESSAEKRLTLSQIYEWMVKSVPYFKDKGDSNSSAGWKNSIRHNLSLHSKFIRVQNEGTGKSSWWMLNPEGGKSGKSPRRRAASMDNNSKFAKSRGRAAKKKASLQSGQEGPGDSPGSQFSKWPASPGSHSNDDFDNWSTFRPRTSSNASTISGRLSPIMTEQDDLGDGDVHSLVYPPSAAKMASTLPSLSEISNPENMENLLDNLNLLSSPTSLTVSTQSSPGSMMQQTPCYSFAPPNTSLNSPSPNYSKYTYGQSSMSPLPQMPMQTLQDSKSSYGGLNQYNCAPGLLKELLTSDSPPHNDIMSPVDPGVAQPNSRVLGQNVMMGPNSVMPAYGSQASHNKMMNPSSHTHPGHAQQTASVNGRTLPHVVNTMPHTSAMNRLTPVKTPLQVPLSHPMQMSALGSYSSVSSCNGYGRMGVLHQEKLPSDLDGMFIERLDCDMESIIRNDLMDGDTLDFNFDNVLPNQSFPHSVKTTTHSWVSG,foxo1
12,>JAV44121.1 forkhead box protein O1 [Castor canadensis],-1701.0200516756513,MAEAPQVVEIDPDFEPLPRPRSCTWPLPRPEFSQSNSATSSPAPSGGAAANPDAPAGLPSASVAAVSTDFMSNLSLLEESEDFPQAPGSVAAVVAAAAAAATGGLCGDFQGPETGCLHPAPPQPPPPGPLPQHPPVPPAGPLAGQPRKSSSSRRNAWGNLSYADLITKAIESSAEKRLTLSQIYEWMVKSVPYFKDKGDSNSSAGWKNSIRHNLSLHSKFIRVQNEGTGKSSWWMLNPEGGKSGKSPRRRAASMDNNSKFAKSRGRAAKKKASLQSGQEGAGDSPGSQFSKWPASPGSHSNDDFDNWSTFRPRTSSNASTISGRLSPIMTEQDDLGDGDVHSLVYPPSAAKMASTLPSLSEISNPENMENLLDNLNLLSSPTSLTVSTQSSPGSMLQQTPCYSFAPPNTSLNSPSPNYQKYTYGQSSMSPLPQMPMQTLQDSKSSYRLNQYNCAPGLLKELLTSDSPPHNDIMSPVDPGVAQPNSRVLGQNVMMGPNSVMPTYGNQASHNKMMNPSSHTHPGHAQQTSAVNGRALPHPVNTMPHTSGLNRLTPVKTPLQVPLPHPMQMSALGGYSSVSSCNGYGRTGILHQEKLPSDLDGMFIERLDCDMESIIRNDLMDGDTLDFNFDNVLPNQSFPHSVKTTTHSWVSG,foxo1
13,>NP_001269185.1 forkhead box protein O1 [Ictidomys tridecemlineatus],-1715.528375693077,MAEAPQVVEIDPDFEPLPRPRSCTWPLPRPEFSQSNSATSSPAPSGGATANPDASAGLPPASAAAVSADFMSNLSLLEESEDFPQAPGSVAAAVAAAAAAATGGLCGDFQGLEAGCLHPAPPQPPPPGPLSQHPPVPPAAGPLAGQPRKSSSSRRNAWGNLSYADLITKAIESSAEKRLTLSQIYEWMVKSVPYFKDKGDSNSSAGWKNSIRHNLSLHSKFIRVQNEGTGKSSWWMLNPEGGKSGKSPRRRAASMDNNSKFAKSRGQAAKKKASLQSGQEGAGDSPGSQFSKWPASPGSHSNDDFDNWSTFRPRTSSNASTISGRFSPIMTEQDDLGDGDVHSLVYPPSASKMASTLPSLSEISNPENMENLLDNLNLLSSPTSLTVSTQSSPGSMMQQTPCYSFAPPSTSLNSPSPNYQKYTYGQSSMSPLSQMPMQTLQDNKSSYGGLNQFNCAQGLLKELLTSDSPPHNDIMSSVDPGVAQPNSRVLGQNVMLGPNSVMPAYGNQASHNKMMNPSSHTHPGHAQQTSVVNGRALPHTVNTMPHTSGMNRLTPVKTPLQVPLLHHMQMSALGGYSSVSSCSGYGRMGVLHQEKLPSDLDGMFIERLDCDMESIIRNDLMDGDALDFNFDNVLPNQSFPHGVKTTTHSWVSG,foxo1
14,>sp|G3V7R4.1|FOXO1_RAT RecName: Full=Forkhead box protein O1; AltName: Full=Forkhead box protein O1A; AltName: Full=Forkhead in rhabdomyosarcoma,-1687.064630512801,MAEAPQVVETDPDFEPLPRQRSCTWPLPRPEFNQSNSTTSSPAPSGSTAANPDATASLASASAVSTDFMSNLSLLEESEDFARAPGCVAVAAAAAASRGLCGDFQGPEAGCVHSAPPQPPPTGPLSQPPPVPPAAAGPLAGQPRKTSSSRRNAWGNLSYADLITKAIESSAEKRLTLSQIYEWMVKSVPYFKDKGDSNSSAGWKNSIRHNLSLHSKFIRVQNEGTGKSSWWMLNPEGGKSGKSPRRRAASMDNNSKFAKSRGRAAKKKASLQSGQEGPGDSPGSQFSKWPASPGSHSNDDFDNWSTFRPRTSSNASTISGRLSPIMTEQDDLGDGDVHSLVYPPSAAKMASTLPSLSEISNPENMENLLDNLNLLSSPTSLTVSTQSSPGSMMQQTPCYSFAPPNTSLNSPSPNYAKYTYGQSSMSPVPQMPMQTLQDSKSSYGGLNQYNCAPGLLKELLTSDSPPHNDIMSPVDPGVAQPNSRVLGQNVLMGPNSVMPAYGSQAPHNKMMNPSSHTHPGHAQQTSSVNGRALPHVVNTMPHTSAMNRLTPVKTPLQVPLSHPMQMSALGNYSSVSSCNGYGRMGVLHQEKLPSDLDGMFIERLDCDMESIIRNDLMDGDTLDFNFDNVLPNQSFPHSVKTTTHSWVSG,foxo1
15,>XP_038959197.1 forkhead box protein O1 isoform X1 [Rattus norvegicus],-1043.4632395079068,MLNPEGGKSGKSPRRRAASMDNNSKFAKSRGRAAKKKASLQSGQEGPGDSPGSQFSKWPASPGSHSNDDFDNWSTFRPRTSSNASTISGRLSPIMTEQDDLGDGDVHSLVYPPSAAKMASTLPSLSEISNPENMENLLDNLNLLSSPTSLTVSTQSSPGSMMQQTPCYSFAPPNTSLNSPSPNYAKYTYGQSSMSPVPQMPMQTLQDSKSSYGGLNQYNCAPGLLKELLTSDSPPHNDIMSPVDPGVAQPNSRVLGQNVLMGPNSVMPAYGSQAPHNKMMNPSSHTHPGHAQQTSSVNGRALPHVVNTMPHTSAMNRLTPVKTPLQVPLSHPMQMSALGNYSSVSSCNGYGRMGVLHQEKLPSDLDGMFIERLDCDMESIIRNDLMDGDTLDFNFDNVLPNQSFPHSVKTTTHSWVSG,foxo1
16,>XP_038203715.1 forkhead box protein O1 [Arvicola amphibius],-1691.4092880746132,MAEAPQVVETDPDFEPLPRQRSCTWPLPRPEFSQSNSTTSSPAPSGGAATNPDAAATLASASAVSTDFMSNLSLLEESEDFARAPGCVAVAAAAAASRGLCGDFQGPEAGCVHPAPPQQPPPTGPLAQPPPVPPAGPLAGQPRKSSSSRRNAWGNLSYADLITKAIESSAEKRLTLSQIYEWMVKSVPYFKDKGDSNSSAGWKNSIRHNLSLHSKFIRVQNEGTGKSSWWMLNPEGGKSGKSPRRRAASMDNNSKFAKSRGRAAKKKASLQSGQEGPGDSPGSQFSKWPASPGSHSNDDFDNWSTFRPRTSSNASTISGRLSPIMTEQDDLGDGDVHSLVYPPSAAKMASTLPSLSEISNPENMENLLDNLNLLSSPTPLTVSTQSSPGSMMQQTPCYSFAPPNTSLNSPSPNYSKYTYGQSSMSSLPQMPMQTLQDNKSSYGGLNQYNCAPGLLKELLTSDSPPHSDIMSPVDPGVAQPNIRVLGQNVMMGPNSVMPAYGSQASHNKMMNPSSHTHPGHSQQTSSVNGRALSHVVNTMPHTPAMNRLTPVKTPLQVPLSHPMQMSALGGYSSVSSCNGYGRMGVLHQEKLPSDLDGVLIEHLDCDMESIIRNDLMDGDTLDFNFDNVLPNQSFSHSVKTTTHSWVSG,foxo1
17,>XP_036046625.1 forkhead box protein O1 [Onychomys torridus],-1691.0903204885456,MAEAPQVVETDPDFEPLPRQRSCTWPLPRPEFPQSNSTTSSPAPSGGAATNPDATTANLASAAAVSGDFMSNLSLLEESEDFARAPGCVAVAASRGLCADFQGPEAGCVHPAPPQPPPPSGPLSQPPPVPPAAAGPLAGQPRKSSSSRRNAWGNLSYADLITKAIESSAEKRLTLSQIYEWMVKSVPYFKDKGDSNSSAGWKNSIRHNLSLHSKFIRVQNEGTGKSSWWMLNPEGGKSGKSPRRRAASMDNNSKFAKSRGRAAKKKASLQSGQEGPGDSPGSQFSKWPASPGSHSNDDFDNWSTFRPRTSSNASTISGRLSPIMTEQDDLGDGDVHSLVYPPSAAKMASTLPSLSEISNPENMENLLDNLNLLSSPTSLTVSTQSSPGSMMQQTPCYSFAPPNTSLNSPSPNYSKYTYGQSSMNPLPQMPMQTLQDSKSSYGGLNQYNCAPGLLKELLTSDSPPHNDIMSPVDPGVAQPNIRVLGQGVMMGPNSVMPAYGSQASHNKMMNPSSHTHPGHSQQTSSVNGRTLPHGVNTMPHTSAMNRMTPGKTSLQVPLPHAMQMSALGSYSSVSSCNGYGRVGVLHQEKLPSDLDGVLIEHLDCDMESIIRNDLMDGDTLDFNFDNVLPNQSFSHSVKTTTHSWVSG,foxo1
18,>XP_027250747.1 forkhead box protein O1 isoform X2 [Cricetulus griseus],-1697.6548007775873,MAEAPQVVETDPDFEPLPRQRSCTWPLPRPEFNQSNSTTSSPAPSGGAATNPDATANLASASAVSTDFMSNLSLLEESEDFARAPGCVAVAAAAAASRGLCGDFQGPEAGCVHPAPPQQPPPTGPLSQPPPVPPAAAGPLAGQPRKSSSSRRNAWGNLSYADLITKAIESSAEKRLTLSQIYEWMVKSVPYFKDKGDSNSSAGWKNSIRHNLSLHSKFIRVQNEGTGKSSWWMLNPEGGKSGKSPRRRAASMDNNSKFAKSRGRAAKKKASLQPGQEGPGDSPGSQFSKWPASPGSHSNDDFDNWSTFRPRTSSNASTISGRLSPIMTEQDDLGDGDVHSLVYPPSAAKMGSTLPSLSEISNPENMENLLDNLNLLSSPTSLTVSTQSSPGNMMQQTPCYSFAPPNTSLNSPSPNYSKYTYGQSSMSPLPQMPMQTLQDSKPSYGGLNQYNCAPGLLKELLTSDSPPHNDIMSPVDPGVAQPNIRVLGQNVMMGPNSVMPAYGNQASHNKMMNPNSHTHPGHSQQTSSVNGRALPHVVNTMPNTSAMNRLTPMKTPLQVPLPHPMQMNTLGSYSSVSSCNGYGRMGVLHQEKLPSDLDGVLIEHLDCDMESIIRNDLMDGDTLDFNFDNVLPNQSFPHSVKTTTHSWVSG,foxo1
19,>XP_027784610.1 forkhead box protein O1 [Marmota flaviventris],-1709.5877836091004,MAEAPQVVEIDPDFEPLPRPRSCTWPLPRPEFSQSNSATSSPAPSGGAAANPDASAGLPPASAAAVSADFMSNLSLLEESEDFPQAPGSVAAAVAAAAAAATGGLCGDFQGPEAGCLHPAPPQPPPPGPLSQHPPVPPAAGPLAGQPRKSSSSRRNAWGNLSYADLITKAIESSAEKRLTLSQIYEWMVKSVPYFKDKGDSNSSAGWKNSIRHNLSLHSKFIRVQNEGTGKSSWWMLNPEGGKSGKSPRRRAASMDNNSKFAKSRGRAAKKKASLQSGQEGAGDSPGSQFSKWPASPGSHSNDDFDNWSTFRPRTSSNASTISGRLSPIMTEQDDLGDGDVHSLVYPPSASKMASTLPSLSEISNPENMENLLDNLNLLSSPTSLTVSTQSSPGSMMQQTPCYSFAPPSTSLNSPSPNYQKYTYGQSSMSPLSQMPMQTLQDNKSSYGGLNQFNCAQGLLKELLTSDSPPHNDIMSSVDPGVAQPNSRVLGQNVMLGPNSVMPAYGNQASHNKMMNPSSHTHPGHAQQTSAVNGRALPHTVNTMPHTSGMNRLTPVKTPLQVPLPHHMQMSAVGGYSSVSSCNGYGRMGVLHQEKLPSDLDGMFIERLDCDMESIIRNDLMDGDTLDFNFDNVLPNQSFPHGVKTTTHSWVSG,foxo1
20,>AAH21224.1,-59.62294522619625,--MAEAPASPAPLSPLEVELDPEFEPQSRPRSCTWPLQRPELQASPAKPSGETAADSMIPEEEDDEDDEDGGGRAGSAMAIGGG-GGSGTLGSGLLLEDSARVLAPGGQDPGSGPATAAGGLSGGTQALLQPQQPLPPPQPGAAGGSGQPRKCSSRRNAWGNLSYADLITRAIESSPDKRLTLSQIYEWMVRCVPYFKDKGDSNSSAGWK----------------NSIRHNLSLHSRFMRVQNEGTGKSSWWIINPDGGKSGKAP,primates-trim-test
21,>XP_017399215.1,-45.61738585879559,--MAEAPASPAPLSPLEVELDPEFEPQSRPRSCTWPLQRPELQASPAKPSGETAADSMIPEEEDDEDEEDGGGRASSAMAIGG--GGSGTLGSGLLLEDSARLLAPGGQDPGSGPAPAAGALSGGTQAPLQPQQPLPPPQPGAAGGSGQPRKCSSRRNAWGNLSYADLITRAIESSPDKRLTLSQIYEWMVRCVPYFKDKGDSNSSAGWK----------------NSIRHNLSLHSRFMRVQNEGTGKSSWWIINPDGGKSGKAP,primates-trim-test
22,>XP_012608555.1,-98.37283003421008,--MAEAPASPAPLSPLEVELDPEFEPQSRPRSCTWPLQRPELQASPAKPSGETAADSMIPEEEDDEDDEDGGGRAGSAMAIGG--GGSGTLGSGLLLEDSARLLAPGGQDPGSGPAPAAGALSGGAQTPLQPQQPLPPPQPGAAGGSGQPRKCSSRRNAWGNLSYADLITRAIESSPDKRLTLSQIYEWMVRCVPYFKDKGDSNSSAGWKGKHMQLVSGLVDSLHKNSIRHNLSLHSRFMRVQNEGTGKSSWWIINPDGGKSGKAP,primates-trim-test
23,>XP_016811571.1,-62.89733402174662,--MAEAPASPAPLSPLEVELDPEFEPQSRPRSCTWPLQRPELQASPAKPPGETAADSMIPEEEDDEDDEDGGGRAGSAMAIGGG-GGSGTLGSGLLLEDSARVLAPGGQDPGSGPATAAGGLSGGTQALLQPQQPLPPPQPGAAGGSGQPRKCSSRRNAWGNLSYADLITRAIESSPDKRLTLSQIYEWMVRCVPYFKDKGDSNSSAGWK----------------NSIRHNLSLHSRFMRVQNEGTGKSSWWIINPDGGKSGKAP,primates-trim-test
24,>NP_001446.1,-59.62294522619625,--MAEAPASPAPLSPLEVELDPEFEPQSRPRSCTWPLQRPELQASPAKPSGETAADSMIPEEEDDEDDEDGGGRAGSAMAIGGG-GGSGTLGSGLLLEDSARVLAPGGQDPGSGPATAAGGLSGGTQALLQPQQPLPPPQPGAAGGSGQPRKCSSRRNAWGNLSYADLITRAIESSPDKRLTLSQIYEWMVRCVPYFKDKGDSNSSAGWK----------------NSIRHNLSLHSRFMRVQNEGTGKSSWWIINPDGGKSGKAP,primates-trim-test
25,>AAH20227.1,-59.62294522619625,--MAEAPASPAPLSPLEVELDPEFEPQSRPRSCTWPLQRPELQASPAKPSGETAADSMIPEEEDDEDDEDGGGRAGSAMAIGGG-GGSGTLGSGLLLEDSARVLAPGGQDPGSGPATAAGGLSGGTQALLQPQQPLPPPQPGAAGGSGQPRKCSSRRNAWGNLSYADLITRAIESSPDKRLTLSQIYEWMVRCVPYFKDKGDSNSSAGWK----------------NSIRHNLSLHSRFMRVQNEGTGKSSWWIINPDGGKSGKAP,primates-trim-test
26,>NP_001446.1 forkhead box protein O3 [Homo sapiens],-1465.861723379057,MAEAPASPAPLSPLEVELDPEFEPQSRPRSCTWPLQRPELQASPAKPSGETAADSMIPEEEDDEDDEDGGGRAGSAMAIGGGGGSGTLGSGLLLEDSARVLAPGGQDPGSGPATAAGGLSGGTQALLQPQQPLPPPQPGAAGGSGQPRKCSSRRNAWGNLSYADLITRAIESSPDKRLTLSQIYEWMVRCVPYFKDKGDSNSSAGWKNSIRHNLSLHSRFMRVQNEGTGKSSWWIINPDGGKSGKAPRRRAVSMDNSNKYTKSRGRAAKKKAALQTAPESADDSPSQLSKWPGSPTSRSSDELDAWTDFRSRTNSNASTVSGRLSPIMASTELDEVQDDDAPLSPMLYSSSASLSPSVSKPCTVELPRLTDMAGTMNLNDGLTENLMDDLLDNITLPPSQPSPTGGLMQRSSSFPYTTKGSGLGSPTSSFNSTVFGPSSLNSLRQSPMQTIQENKPATFSSMSHYGNQTLQDLLTSDSLSHSDVMMTQSDPLMSQASTAVSAQNSRRNVMLRNDPMMSFAAQPNQGSLVNQNLLHHQHQTQGALGGSRALSNSVSNMGLSESSSLGSAKHQQQSPVSQSMQTLSDSLSGSSLYSTSANLPVMGHEKFPSDLDLDMFNGSLECDMESIIRSELMDADGLDFNFDSLISTQNVVGLNVGNFTGAKQASSQSWVPG,primates-unaligned-test
27,>XP_017399215.1 forkhead box protein O3 [Cebus imitator],-1451.856164011656,MAEAPASPAPLSPLEVELDPEFEPQSRPRSCTWPLQRPELQASPAKPSGETAADSMIPEEEDDEDEEDGGGRASSAMAIGGGGSGTLGSGLLLEDSARLLAPGGQDPGSGPAPAAGALSGGTQAPLQPQQPLPPPQPGAAGGSGQPRKCSSRRNAWGNLSYADLITRAIESSPDKRLTLSQIYEWMVRCVPYFKDKGDSNSSAGWKNSIRHNLSLHSRFMRVQNEGTGKSSWWIINPDGGKSGKAPRRRAVSMDNSNKYTKSRGRAAKKKAALQSAPESADDSPSQLSKWPGSPTSRSSDELDAWTDFRSRTNSNASTVSGRLSPIMASTELDEVQDDDAPLSPMLYSSSASLSPSVSKPCTVELPRLTDMTGTMNLNDGLTENLMDDLLDNITLPPSQPSPTGGLMQRSSSFPYTTKGSGLGSPTSSFNSTVFGPSSLNSLRQSPMQTIQENKPATFSSMSHYGNQTLQDLLTSDSLSHSDVMMTQSDPLMSQASTAVSAQNSRRNVMLRNDPMMSFAAQPNQGSLVNQNLLHHQHQTQGALGGSRALSNSVSNMGLSESSSLGSAKHQQQSPVSQSMQTLSDSLSGSSLYSTSANLPVMGHEKFPSDLDLDMFNGSLECDMESIIRSELMDADGLDFNFDSLISTQNVVGLNVGNFTGAKQASSQSWVPG,primates-unaligned-test
28,>XP_016811571.1 forkhead box protein O3 [Pan troglodytes],-1469.1361121746077,MAEAPASPAPLSPLEVELDPEFEPQSRPRSCTWPLQRPELQASPAKPPGETAADSMIPEEEDDEDDEDGGGRAGSAMAIGGGGGSGTLGSGLLLEDSARVLAPGGQDPGSGPATAAGGLSGGTQALLQPQQPLPPPQPGAAGGSGQPRKCSSRRNAWGNLSYADLITRAIESSPDKRLTLSQIYEWMVRCVPYFKDKGDSNSSAGWKNSIRHNLSLHSRFMRVQNEGTGKSSWWIINPDGGKSGKAPRRRAVSMDNSNKYTKSRGRAAKKKAALQTAPESADDSPSQLSKWPGSPTSRSSDELDAWTDFRSRTNSNASTVSGRLSPIMASTELDEVQDDDAPLSPMLYSSSASLSPSVSKPCTVELPRLTDMAGTMNLNDGLTENLMDDLLDNITLPPSQPSPTGGLMQRSSSFPYTTKGSGLGSPTSSFNSTVFGPSSLNSLRQSPMQTIQENKPATFSSMSHYGNQTLQDLLTSDSLSHSDVMMTQSDPLMSQASTAVSAQNSRRNVMLRNDPMMSFAAQPNQGSLVNQNLLHHQHQTQGALGGSRALSNSVSNMGLSESSSLGSAKHQQQSPVSQSMQTLSDSLSGSSLYSTSANLPVMGHEKFPSDLDLDMFNGSLECDMESIIRSELMDADGLDFNFDSLISTQNVVGLNVGNFTGAKQASSQSWVPG,primates-unaligned-test
29,>AAH21224.1 Forkhead box O3 [Homo sapiens],-1465.861723379057,MAEAPASPAPLSPLEVELDPEFEPQSRPRSCTWPLQRPELQASPAKPSGETAADSMIPEEEDDEDDEDGGGRAGSAMAIGGGGGSGTLGSGLLLEDSARVLAPGGQDPGSGPATAAGGLSGGTQALLQPQQPLPPPQPGAAGGSGQPRKCSSRRNAWGNLSYADLITRAIESSPDKRLTLSQIYEWMVRCVPYFKDKGDSNSSAGWKNSIRHNLSLHSRFMRVQNEGTGKSSWWIINPDGGKSGKAPRRRAVSMDNSNKYTKSRGRAAKKKAALQTAPESADDSPSQLSKWPGSPTSRSSDELDAWTDFRSRTNSNASTVSGRLSPIMASTELDEVQDDDAPLSPMLYSSSASLSPSVSKPCTVELPRLTDMAGTMNLNDGLTENLMDDLLDNITLPPSQPSPTGGLMQRSSSFPYTTKGSGLGSPTSSFNSTVFGPSSLNSLRQSPMQTIQENKPATFSSMSHYGNQTLQDLLTSDSLSHSDVMMTQSDPLMSQASTAVSAQNSRRNVMLRNDPMMSFAAQPNQGSLVNQNLLHHQHQTQGALGGSRALSNSVSNMGLSESSSLGSAKHQQQSPVSQSMQTLSDSLSGSSLYSTSANLPVMGHEKFPSDLDLDMFNGSLECDMESIIRSELMDADGLDFNFDSLISTQNVVGLNVGNFTGAKQASSQSWVPG,primates-unaligned-test
30,>AAH20227.1 Forkhead box O3 [Homo sapiens],-1465.861723379057,MAEAPASPAPLSPLEVELDPEFEPQSRPRSCTWPLQRPELQASPAKPSGETAADSMIPEEEDDEDDEDGGGRAGSAMAIGGGGGSGTLGSGLLLEDSARVLAPGGQDPGSGPATAAGGLSGGTQALLQPQQPLPPPQPGAAGGSGQPRKCSSRRNAWGNLSYADLITRAIESSPDKRLTLSQIYEWMVRCVPYFKDKGDSNSSAGWKNSIRHNLSLHSRFMRVQNEGTGKSSWWIINPDGGKSGKAPRRRAVSMDNSNKYTKSRGRAAKKKAALQTAPESADDSPSQLSKWPGSPTSRSSDELDAWTDFRSRTNSNASTVSGRLSPIMASTELDEVQDDDAPLSPMLYSSSASLSPSVSKPCTVELPRLTDMAGTMNLNDGLTENLMDDLLDNITLPPSQPSPTGGLMQRSSSFPYTTKGSGLGSPTSSFNSTVFGPSSLNSLRQSPMQTIQENKPATFSSMSHYGNQTLQDLLTSDSLSHSDVMMTQSDPLMSQASTAVSAQNSRRNVMLRNDPMMSFAAQPNQGSLVNQNLLHHQHQTQGALGGSRALSNSVSNMGLSESSSLGSAKHQQQSPVSQSMQTLSDSLSGSSLYSTSANLPVMGHEKFPSDLDLDMFNGSLECDMESIIRSELMDADGLDFNFDSLISTQNVVGLNVGNFTGAKQASSQSWVPG,primates-unaligned-test
31,>XP_012608555.1 forkhead box protein O3 isoform X1 [Microcebus murinus],-1504.611608187072,MAEAPASPAPLSPLEVELDPEFEPQSRPRSCTWPLQRPELQASPAKPSGETAADSMIPEEEDDEDDEDGGGRAGSAMAIGGGGSGTLGSGLLLEDSARLLAPGGQDPGSGPAPAAGALSGGAQTPLQPQQPLPPPQPGAAGGSGQPRKCSSRRNAWGNLSYADLITRAIESSPDKRLTLSQIYEWMVRCVPYFKDKGDSNSSAGWKGKHMQLVSGLVDSLHKNSIRHNLSLHSRFMRVQNEGTGKSSWWIINPDGGKSGKAPRRRAVSMDNSNKYTKSRGRAAKKKAAMQTAPESADDSPSQLSKWPGSPTSRSSDELDAWTDFRSRTNSNASTVSGRLSPILASTELDDVQDDDAPLSPMLYSSSASLSPSVSKPCTVELPRLTDMAGTMNLNDGLADNLMDDLLDNIPLPSSQPSPTGGLMQRSSSFPYTTKGSGLGSPTSSFNSTVFGPSSLNSLRQSPMQTIQENKPATFSSMSHYGTQTLQDLLTSDSLSHSDVMMTQSDPLMSQASTAVSAQNSRRNVMLRSDPMMSFAAQPNQGSLVNQNLLHHQHQTQGALGGSRALSNSVSNMGLSDSSSLGSAKHQQQSPVNQSMQTLSDSLSGSSLYSTSANLPVMGHEKFPSDLDLDMFNGSLECDMESIIRSELMDADGLDFNFDSLISTQNVVGLNVGSFTGAKQASSQSWVPG,primates-unaligned-test
32,>1,-717.6411359734977,NDIFQDPYKDWRSFMNLHSQNNYSVNQSFPGVKPLWVNINVHSRMVTHNDDKYQRTRMCCCDLSGCGNELIQHLFGITLPVRETCWSWKSFGKWCNNVVEPTAQTMPGFRYYDGWCFYAWRSEIDPREHNAHAQEINRPWSCCMMLAAANITHARTRTVVSFGYFVYAQMKHCDCAHGHFTEWATFERRGHYHHMKKKCSKDNAEDPNEQLYGMDRAPDWNAGDWRGVFGADHAYTVPNSKYDSFPKPI,rand-240
33,>2,-746.3007222194105,CKRIAGGLYKPIMAQRSTSQCMAQCCCDWAWLRNFHSMGNVSDINQMRDIVKTWKTITDYRYMCFKSWISTLEPYQTIEDIIIQYWKVGHCKYHIHLRRYRRELQTCQIHNTAERMENCPRVNIASHGYKLGDNSFLPKNHTLFMVSTVRIELNGGYLCGCVNYYCIPPGQWPMVHIRWKHQVPQSYKCAFFDKIASGDSQNHRDDFHMYCVRWTMTSKRKRTLVHNWGHIATSAQEIVLYMCYRATW,rand-240
34,>3,-720.5429504726333,CSFKTFDLEQINFMEVKSYSNCECNLFGSWSEHHAMADLIDTNMVTKFAHWWEPGRCIGCDLCSEQTWEILYCTEMCGDVPVCGDRPFQTHECVTIQNVDNCPRHLDDNYWILGLAADPSGRNQEDQHPKHGKMSNNFCSKERPHDKKNYDPSDKAYSMEQERFFKFDDKWSTMWSDTKEGAVYPYSLTTWNKHASAPWYYEDCCSMAQPESVPRVQPTKYYCGWERPHRVRHVLSSQSWQEVLWDYNMSQP,rand-240
35,>4,-728.2929736054678,AEYTCGGATEWMHKCCLVPVCSRFHQQCGTQWPGTRYHVCPPPKYLLNFMKYLVSSEAFYWEQSCALSNCFAVKITICLSSQFTCKYLNQYNHWPSSHQSLNSAEFEFGMKNQHGVPCIAMMVAFAKLIPVEHQEVQKYSQFNMTFWWQCVFQCYYQDEQMTTMAAWHGCVDTHDSIPKTCVSMWTSIKHGHQWDMKNFKCQCDMARRINMMYKDLWEMPDPHPFTEYGLIDTSQCLMGQITMGMKPLS,rand-240
36,>5,-711.5514298018027,YSPAFRLWAECIYTGGDDHCASRRCKCLGMREVDNQGASLCSKYPFPAYGPIFTDMETMMLHRSTHREQDNKDKKIAEICMKHGMTLGSETDFRNQNSIINVWGHNPYGHRNVCNDHTSMEESMKYSFQWEPKALVCKFGGVVPTILDRMFCMWQCQLKEPERKCIQYHSIHSIYQIDAQYNIWWIPSRLGVHSKSIWAGQFGMVKVPFEYHCWPEIDWCDGKYQPIFRRVHLIGFAYIYLNYKMMAF,rand-240
37,>6,-726.3588849419137,HMAQCKAALFVRANWDQWCFSRIHSKAQNPELVWDEPDFTQASHWFPLWWNADSWTKWEFEMHTGYWITINMTGNHIQHGHLMKCPRMGKKWANDVFSQDTQNFNGDPDTACWPWKHFPACWWMYLACDLFFENFTQDDERGWCQRYPIMRPWVHRINKFSVSWLAHCFPRDTNTFVIEHNYGDEYQCFTSHWSKIIHNWVWGNLKGKMKTIWQGQHKDYVPEKYTFGMDDCSKFFYKHNASGWNKA,rand-240
38,>7,-715.6634289867582,EMLDIRFWAPKKFFQLQGWSSQRDSELGVADDIWCCLKSPKACCMPKFMEPCRGIEGKERVFIKAMRRLCSINGVKEDTRKAFGSFNRCGPGGFRPEEVHEWGCEWKKKDGFMAFLRLHDDERRYSKWDDDPAAVHPQLMTNPWHRIYKGEVTIRDMNESFAFKFLKGSSPIMMMTRHTYNMLPMDIQPFNAVISGHNNWRDMNTFIDGWSHQFPPIERINAENHYPHTNYMMDWNYVDRRIENHASAMNYFMN,rand-240
39,>8,-713.9115453164236,QQENEMIKFGSGGADIWTWDDDDHQALPQNGREEGHDCMQPITHMEQQLFTHRDGHRVSCCSYYAHYPNAVDRCRTDPTCQKSGFWQRGCRMQALYRLMTWKYDNHFMDLFQCEFFEKGALCRGHKNFYMVDNGFMMIVHEHGLSIFAGDWWWEKIENYCFYLLPADRDSPGNVANDSVMWTRCTLMPETQWGVLYRHQWPMQDASDGQQIVMKQVKGNEQLQAFLHFFTGVEPEQFLFVWDRFPYMCLQDFFQ,rand-240
40,>9,-720.0208122331704,WSRQFHTLHIPRTSYLHPVVKPRYSMGICEYYLEGYGVFWWSQDFMMYTRKFPFSVFQPVGMSTTTTRMDTEYYVYLITHFTFPKNRWESFMMPAILLYHKRHNCAGRLWPIRLSSHKGGVSKMMGLTFTWDPGYVIDCTYPFLKFQQHRYFWATKKSINVMYDTNDRYLRSCEVWNRAPQIRSFRQIGYTVVKFFYTNLETYDCKGYCWMLGFAKEFYHDDLVYDHLQEHVKTNFLHGPEVGDIEGIT,rand-240
41,>10,-718.076612304855,TGSWDLLAPWAVKLLYASRCSYVPNFEFMFNLLIQYWMWGKVQYHMVNTNQNMAGADNGGWWLQHQCPLEGRSAGSNNNHVQMKMAPDDSCISWTHYECDHSHPFACALNRCMFVRVGCTCGAICFMSCLVQHYTQEQFESLLRTIYIFWEAQFTWAHFQLIATPFNAEDTDPFGDLIQREFMDPPRPMPQRHCDFVVIMASEQYQQSERWINYLIEHSFIVQRMMLHQAQRGATRVQDKEQSYAECQ,rand-240
42,>1,-1728.1595091999425,HHIAMMNMPIRSWTNTKLKSKRHTYVARLKECAFIETGKKASHLKKYQQCEFWKLKNLHYYLHKKQLQCVGTHGRCFDMFEDNGLNPVDGYNFGNDFCSAPYVLPDGYSLHEGMQEFPAWMDCYCCMGKGQHGGAQQMCEMMLTKMLFFPHIWKHTGVGGLDEGLTQVAWSWWSRTQMPGVDCRTWPDTVGTFNWYPYCHFLDWTLDVVKDAEMMVPDAEIMYMYPTHMDFYPTAEDAGALQHHLTTNHHTIYRDNTDIHGGMYGAQENDGLGALRKIGKPPWGECDPVEASKDVAQDGYCHQSTGWLFVTTVHIDGSSYPGWMEETCNFPWVVTENIHIWDFNTRLLRIYYGISHYKYKDQDGIQEYTRHHIEQHHVNDWCCWRLDLGVTYFSAHTSGLHRDTVLNPDRPEKYDSNGRQWQNQDFVPRPVARVTSMWTQENVMVYRHHCCQYEIGDNLPVEVKTINSRDTHHPMMSMMTYYPTRSAHDWPHGQAHHWDEREIYPAAWATWPSMVGFEFPIFIIVFWCNWNYSHIFRTGSEHYWKENWMSAGMARGSAMVYPSHAHVDSMLGLHKEDGREVQQWENEDPKAAHYYAFMNLFNRAMWFLFMHIMEGLKEVEDSSNGAFMKRDPFKKEYECFDANCERLI,rand-660
43,>2,-1812.1337510045903,NIRWYYMAMNHRQVHASNILKNLYCIIVHPHDKETKFSHGWVPPLETSYVNPYNRSRIWHNHNFKNMVFRNIQTPQDNVNKLAFISHNKFQGCEDSMIAHRAVPGFHWIHMQYFTGDTVTGFNFLRSDSAVPHDPNHIERLSRMSINPEWNLTFIWWDEEPEKWYCAEPVWKGLFDIMYGKPQFSPKRHCTCDWMYCHKWQTHQRQEEGMSADPTTCRNKCKYKQRMDKVVMHAAQPTKVQERKNWNVEWGVSWVHSIKERIRQPNFPIKLPIMEWHIKQQSESHDCYDHQSYWWDDRVVIFNLDFIFEGYNSNPLFSKLAANVTRACEAQQKKDYWEQYWEGEWTQIECPRYWINDDVNPKEVIMDIWGLRAGHEHMIGTNYRLHQDVAIMQFWEYWDAHTMANRIIHYWDCFGYFSRGGFKMFMCGKGEYPQRTNHPQIRQACICLHKENHIGHCMGSHPIRYAVEKKYPSRTKWKAICWFLEDYMRTPLTEGNFFTDVAHAMTRLQPSQRKREECFAFYAEGASTLWTSQKWDCKFCDTSFIQRYYSILKFTLMMGNQPDVEQDKVMLIHWPTTVEPWAQFFSHPIFSGTYWKPPVITVQLYHIEPDCIPIVFLAGEHWVGWAIIAYNCCGKNMLIWIPIYYFVPQDRLKFFVTFDCESSAAQDR,rand-660
44,>3,-1774.2690275203963,WEFLLVWPDFSWERYIKSTCLRRMRFGLRQMWFNTMRCSYAKIFSGDMIMFMIDPAWHQTGYTGVQDAVFMNVWGTDGENHMGMIHGFGGCGRWSKTEMRHSHAFNCEVPKWCQSKNSLANSRTYWCKIKCGLCMGTFCNQTYHMRTFPQYFCSIKHPDIQLMHTWGDKMVVQRMFCTRNESKCDHPKQDVADWYGTFRYYEMVDDIYIAEVNDHFVSPEPEFAGHHRLAWYQEMCIETLFFKKVKQSGFSCHFARWHLTQWSEGDWVAFSYRCYKAEHTHFEVTEEAKWLAHIICFIITEWIDVRMLLMVDMNRTNNKSFRTHFMFLIVSAHRCNAYPAPYYSVPCMIDKERCKCPIIMYKDIFADEDKRLEQMPPPEVDLIHHRKYNVYTPHGDYNAFPMYACTIPNLSFLWKMSEILALYGRGNNIYGEEARKACDIRLPTWYWFPCTSQWFLGDDITKMGCHDDISGEWQDPCIIMHFWKRGMDLLPMAFRDLMVQYTQYTIGVHFYDYDKLYFHYCAKHFIVGHPGGHEYEGITRIQEYTQYFCKGQPLSTPYSRDQTSHMPRSLQKQETQTHHNKLIGFMHDCFAVGMLQNCYNGFLCDACVKYKTPVDKHEYMWIHHFMPQVVPKYINMHYDFPVYNWDDPVHVGFECSP,rand-660
45,>4,-1766.7159294838295,WGCYVYKVWFPREMVKVYDHMQSSLQEFHEVTWFSICGPELSPCKMEDCARLRTTHWWVSIAWNLSKVTLYWYPWMSWTMGATESPAKVDVQSCCRAKSQLVMDPTTIVNTNDDHQNRAHENMHHVLSTDGKMMRCWKAKEGECIDQADWMIWQHMLLFEAMWYEGDRMRSNFKKYHRNQIFWHQILCNASWLNMSKRILFEPPSHVKMGIGIFLLRCRNKHLPKGVFEQDFMWNHWNIMVSNSLKPRLQLMDGMRVYNLMTTQIFYLPVHCRDNVQYHVMQYCFRTTQKTILHAQWTERFTWRHMNLQVWILSYHYNPLGRKQSKKETLAFTAMDTFYSNWIAHTNLVVYCQSKNDICDNVARWSMRAKRYMMELYNETRRKAHQMIMDSPFWISINCINNHDTDDDECTHGRLKMSAMYLMSHCIHPYPPRSKGCKEEHFTFCGMKEMYTGVTACTHMFYESSLMNVMFHYMNTNSSGPFLSFWIMRWEVLHYTDLAKGKNTHCMVGGWSMCKQYAYDHEYDHEQQSELNGVKCVWNVSAHINIHATDPCMEDHQDIAKYDYMDNCRKPRTWEYTMGISYAPSPEGSGEWKYINILPIRGHPHLICPKQFCKEEWLRQWRTWRWIGELCGYGFGVMDQSSMHICFLQDNILHVIDPMKRY,rand-660
46,>5,-1746.6132879360025,ACSRCKSCEVAIKCHCWAPLGWAKNDRARLESTTMYHFQGEPFRTGPHKEGWPMTFSDPGLPSCCDDFAIWPDLSVFFDSQNSDWSKCEQCPHDLDEGKKRIISHAGISPDDSAGFRDVHQQLKWMELLSEMDPQFLDDVHLCNLPYARMQAIEDVPGPNISVGEGHFASCKLMPDFNKWDVGHEGPKAPKLECHRGGMHPVANWGIRGFPPQMYTIEFCGSGQLGVFFGRSGREEAHPAEMAKYDMDQHTHCAMSPYKAKFYLCAMCWRYFECGMRMSANIMSIPTHKSLLNWARSYGGHTAFNIMNLHPKMLHTTLGIKRGWIYEYKCSFECQWKMNVQVFWVWFLFFPPYRMQRAQWWGNLCLITFPWERYNMTAFVHRWHTWDKYDHSKIYIHVCAKDIILSTKPTEHRPYKWFFNHHKVNYHIVSQEKVKWWFVHTCELDYSKIEKFAQKFCDGDYHMARSNWCPTSLYQWYSHIVFKYAKWENRMHIMRSHGWEFCDVNYSPCWNCCAYHMFNWNTHFPPNIFWKNLERGQRPFPATNMCMHLDLRFLDCAYSDPVMSCMLFDLFTNDCALLVYKGQFILLEVAHIWDFDSAYEYVGCWAAIMINPNYDCSTYQHHAFAPCRSAHGQEQEMHRDRCRDYLRKDWREEGCA,rand-660
47,>6,-1782.5761964310984,FYSYGSKKPERIIIGEPRDGGFPLGHAETSCSVWRAYMNLINAVIRYFHHIPKASGWWYVACWLSQWVHGTLLLILFQHDPQQNSFSQMTWIDCNPKTIKKDINLLEDCFVTPYIPHVYTEVPYEVGEQEDTPWKWYEPCGYRCKFETIRTLFMSSVLRPSGIGDYRPHFRWDRQWIGKPGYIDPPCHFQEKHLVSWCHKFGEFVTMDDVMVQGGRYNGCVHRMVHTGFTPHNFMWSIKTEDYDKNNGLYKKCWDHMWIGKDHLWTTSAVSPVCEDMGFAGCNHYEKRRQHGFCCITRDYVYFSENWLVMTTGYSHSCKKMLANKVDFNERHKSYTDMQADHAMPNSIICTTDQIVAGGRDPFEYACAGCSPFQAVEEVIKQTMEWSDRYCAIDDCITNRMHCDWNPNLDFRHWISARAMPIHRPILKFHDGDKNTLTAQRTRDMRYMQKYHGVQMFMVLDAQSAKPRTCHTHTGNIQAIHNDAPTRRRNRIQYLQFPCNTKCLDIYVSWTDTIQQQIAFVCSYLKKSTPDPYVDQQWSEKPFDWMHMWARTGVQDDSMMSQPFALNIAIKRCCPPACFDQTHKVDGACKNMLFQADHHEFCLYLSQEWVDDTMGVHQMACLMDWAKYECKWQFRCSESSFTSCPHNVQNDNKYDQVAAEHNE,rand-660
48,>7,-1808.7475012510836,VNSSFCCYTKWRSDLCCICFLACDMPYCIVPSACDVQMTALADWFHGANNILDYYNPIRDFFMEMQMCRAMWLSPIWDNIPHGFPFFAFRQIIGAEQSINEFLMPQFCDCEQNRPYGTLRWPETCWKSVMDHSMTGKLKCMQQNYLYCGWGHYCRLYYCNVCVWDKRPVECCEQKRWIYSQGAFPTRCADWTKLYPSGICNEYYNCWMYNLNNEPCTLFRWFQKEVEWNYNEGEYSFPGIAPALQHSSLPHWNAMFIVLTDGMFFTCVCIAEHYWTVDDAKQEYRSDNPAVYWEQKHDKKMVEAYQFHGDCADFAMGMRGDPYSYGCFWPGWQDNDRIWGKTHTFLRHFDLLPYVMQVSCNGTHLCFCSQQAQSKYRGEEMCHHHQKFYFLIEDSANMHECFKQDMNSATIKMGQCIEQHIMRGIRLIFPDHPWTCGKWKRDMIFWSHIMKYAWYMFEAIFLKTFKFEMGPKWPKFNAYVCRNGCCCSTGYLQKTMISIIIGPMQQWSRWKFMTRTFMAQTYWYEPTPLNEHHINSWYCGEWDYIRDSMAASKSMFDGMWHTYSTRQMALDKLQTRKSCRLYNEDDWHRIHCQVNEIHHFRDVMPERFIDFGLNACSWCFFQDRGQYPAENYVQIISMWNYYDMHRGPIQPRVVFVVFECGNWRSNTPPSMWHY,rand-660
49,>8,-1743.62709423361,LVYNTDPISWMVIRVFHDQHNLRGQGRRLFFIDIRAVFPDRWYYDNYFTEHVQQQWWNSPLHGAMTQPVYLRCTICGVWPEDGYYDHVVVWGEITNNLWRGHPMPQPMQYTHMVFFNAFCAFSHIEEFGYWVMHGPGFQDGPPFYLIGFDKWEMEACIFNHIDLETQHKFHFLWQNRHTSLGCFQSTNVFHNEKMLLRIQKRTAPPRRSNVLIFNPFQISSYEYALFQYCDPIVIMRMEYQCWCKPPVTIPRVQHYMYGDREHRAQEINEFANCFFIGTAPNFDSQNWEVRNGALCDKLYCVAGNPEVWRMVMPDGSYTNPSALFSKNWRCARTCNLCVMETQYVMCTRHFGNPMECWYYWSTCIMVEESQGHCWKCDGMRAIPINICYDRDWLPNGSYCDAGPDNNHARNKPPTINFPKETKFCMNDMDYEMHVVVQVEFVRWAWAKFQIEHTTNSVGSINFPWWNHHVDSQMQNGPHHKLSCGEWLCHRRCQDVTMFLFMDENCSVELHQMDICEGIGSSWIEMLVFEGQSKKYKEGCIKFAGNNWKGVYTQCIIKGQIQDMNCEWQIATLNWCAHSAKTFRQKGDKHLVSTIGQPDNCFTMYMVWTCAPDTKSDDSPSDIYSMRSASSLQMGHAYLQWQVDDPY,rand-660
50,>9,-1770.9670658961345,SHFCANLVFTGSETECGWANYQLNIICKTTKLSVCDFCPFINWIMTSVIEYDEENIVEWNQVWRLPWMCCTACPSDWTQFRCKTHTEGLDYWHAELNFDLCRNFHFKWPPEHRSHYERDLHTYESWSCHDLHLQHRCLVWQEAGRQFDVYTHFQTPTNEAQATYFDPYLLNWLTTPGFVNIEQCYIAFTQLRACFFQPDAPDCSCYAMFEMSWYCEKVAFDFCTHYVHYRGKNQPYDVRTITCDADDHFWKDERDGSSSAGDPAPCGRLTYRESNTFLPHRNTRGINHSDCNTSFHMACCCKKGYNFNQMVLVKEFHICCEVGEFMMNQSIMSGAQVKDQPYACSMQGGVVRGVKSMYYCLTYPQSWHSQVYDTAHDEGGASRWEQERRLQGDARVNDWFQIVWHGVEFAAYKCKLVHYCFIIQPVVCTWTCELISLKGARTHICGPYFHMWFLNTYDQTFMHVGIGEVQMRMTQPGCHFRTFDHDCHNNWWFDAIHYMVFVGAVWGQNNKILFNEPWQIAFDTQNNNLSRTDGLYKQIMLDSPWTQEQDDHDKPGGAHKDDVIEDFTGYNIYEDCHCKPEKESWPEHTGARPDITLFEYKLHGARRWQMKQKFKQKDLQEVTMICLFNVGLGTYCTNRRVNLFMELRCCIREANPEENK,rand-660
51,>10,-1743.1940960915056,MCGKIQRLGEKAGYKAGGICWVCVYAKCPHGEDVETRCCDDMVHYFWETHNISTMYFTKKAHHYMCFPAHIMTPTCCILNGSIQMSEVKYPYHFSKYDTWEYQTEKADTWGYPWSEDHCMFNHCLTTRAGYTIRWPRIGFQHIDAVGQIAVEGRQWVYKMSDRYVEIPQLIEKFACCLENFDQWHGHRFDFQHAFNNHVDGIVNSGNWPSYFFEGEFFLRMGEARHNYPQESRAFLNIAQSGDYEHQTPKDVICSFCDGACGRRHEESHPRHSAWGEKWKRKRHNGDGNFQTCFCAVSKIQYDMWISHVVTNEISTQGRYMEEWIMNCEMMYKYERRPPGVCLQHQWMHAYKQSRPNQFMEECQTVPQIERWKSLAWGDSFGNNQTRKIFSLPLVKPPPDIPIYLKCSPWISASLWAQAVGAAMCRWDCSTIMNIIVLNLARGKRYSLAYMRGYKSVNALPRLAFDKERMCACDEVCADHFLGCDADFQACLEGQQNFQEHAPGKVGSLSERSFTAMDTFVKGCLLIFLRTMWYHKHKKYVENHNAVLYDGMPGEYSHAGGWIPAHSNIQNTHYQRWCYECYYAYRATQMWPCNVHYRWFCMACCMFGFTSYKCTQDPHLIIMHERTKKQYICGMPVYNACEYLDEIIFRDQ,rand-660
52,>XP_029338426.1,-9.275956817984252,MAEAPASPVPLSPLEVELDPEFEPQSRPRSCTWPLQRPELQASPAKPSGETAADSMIPEEDDDEDDEDGGGQASSAMVIGGG-VSSTLGSGLLLEDSAMLLAPGGQDLGSGPASAAGALSGGTPTQLQPQQPLPPPQPGAAGGSGQPRKCSSRRNAWGNLSYADLITRAIESSPDKRLTLSQIYEWMVRCVPYFKDKGDSNSSAGWKNSIRHNLSLHSRFMRVQNEGTGKSSWWIINPDG,rodents-trim-test
53,>XP_023578059.1,-41.14969325827492,MAEAAASPVPVSPLEVEVDPEFEPQSRPRSCTWPLQRPELQASPAKPSGETAADSMIPEEEDDEDDEDSGGRASSAMAIGGG-GSCTLGSGLLLDDSARLLAPGGQDLGSGPAPTVGVLSGGTQTPLQPQQPLPPAQPGAAGSSGQPRKCSSRRNAWGNLSYADLITRAIESSPDKRLTLSQIYEWMVRCVPYFKDKGDSNSSAGWKNSIRHNLSLHSRFMRVQNEGTGKSSWWIINPDG,rodents-trim-test
54,>XP_036024719.1,-9.039060144619508,MAEAPASPVPLSPLEVELDPEFEPQSRPRSCTWPLQRPELQASPAKPSGETAADSMIPEEDDDEDDEDGGGRASSAMVIGGG-LSSTLGSGLLLEDSARLLAPGGQDLGSGPASAAGALSGGTQTPLQPQQPLPPLQPGAAGASGQPRKCSSRRNAWGNLSYADLITRAIESSPDKRLTLSQIYEWMVRCVPYFKDKGDSNSSAGWKNSIRHNLSLHSRFMRVQNEGTGKSSWWIINPDG,rodents-trim-test
55,>XP_010633603.1,-33.1358569350443,MAEASASPIPLSPLEVEVDPEFEPQSRPRSCTWPLQRPELQASPAKPSGETAADSMIPEEEDDEDDEDSGGRTSSAMAIGGG-GSGALGSGLLLEDSARLLAPGGQDLGSGPAPAVGALSGGTQTPLQPQQPLPLTQPGAAGSSGQPRKCSSRRNAWGNLSYADLITRAIESSPDKRLTLSQIYEWMVRCVPYFKDKGDSNSSAGWKNSIRHNLSLHSRFMRVQNEGTGKSSWWIINPDG,rodents-trim-test
56,>XP_031204201.1,-9.091091629840385,MAEAPASPVPLSPLEVELDPEFEPQSRPRSCTWPLQRPELQASPAKPSGETAADSMIPEEDDDEDDEDGGGRASSAMVIGGG-VSGTLGSGLLLEDSARLLAPGGQDLGSGPASATGALSGGTPTQLQPQQPLPPLQPGAAGGSGQPRKCSSRRNAWGNLSYADLITRAIESSPDKRLTLSQIYEWMVRCVPYFKDKGDSNSSAGWKNSIRHNLSLHSRFMRVQNEGTGKSSWWIINPDG,rodents-trim-test
57,>XP_028624888.1,-14.846330079743456,MAEAPASPVPLSPLEVELDPEFEPQSRPRSCTWPLQRPELQASPAKPSGETAADSMIPEEDDDEDDED-GGRASSAMVIGGG-VSSTLGSGLLLEDSARLLAPGGQDLGSGPASAAGALSGGTQTQLQPQQPLPPPQPGAAGGSGQARKCSSRRNAWGNLSYADLITRAIESSPDKRLTLSQIYEWMVRCVPYFKDKGDSNSSAGWKNSIRHNLSLHSRFMRVQNEGTGKSSWWVINPDG,rodents-trim-test
58,>XP_036024719.1 forkhead box protein O3 [Onychomys torridus],-1411.976808301815,MAEAPASPVPLSPLEVELDPEFEPQSRPRSCTWPLQRPELQASPAKPSGETAADSMIPEEDDDEDDEDGGGRASSAMVIGGGLSSTLGSGLLLEDSARLLAPGGQDLGSGPASAAGALSGGTQTPLQPQQPLPPLQPGAAGASGQPRKCSSRRNAWGNLSYADLITRAIESSPDKRLTLSQIYEWMVRCVPYFKDKGDSNSSAGWKNSIRHNLSLHSRFMRVQNEGTGKSSWWIINPDGGKSGKAPRRRAVSMDNSNKYTKSRGRAAKKKAALQAAPESADDSPSQLSKWPGSPTSRSSDELDAWTDFRSRTNSNASTVSGRLSPILASTELDDVQDDDAPLSPMLYSSSASLSPSVSKPCTVELPRLTDMAGTMNLNDGLTDNLMDDLLDNITLPPSQPSPPGGLMQRSSSFPYTAKSSGLGSPTSSFNSTVFGPSSLNSLRQSPMQTIQENKAATFSSMAHYGNQTLQDLLTSDSLSHSDVMMTQSDPLMSQASTAVSAQNARRNVMLRNDPMMSFAAQPTQGSLVNQNLLHHQHQTQGALGGSRALSNSVSSLGSAKHQQQSHVSQSMQTLSDSPSGSSLYSASANLPVLGHDKFPSDLDLDIFNGSLECDMESIIRSELMDADGLDFNFDSLISSQNVVGLNVGNFTGAKQASSQSWVPG,rodents-unaligned-test
59,>XP_010633603.1 forkhead box protein O3 [Fukomys damarensis],-1462.4818450575528,MAEASASPIPLSPLEVEVDPEFEPQSRPRSCTWPLQRPELQASPAKPSGETAADSMIPEEEDDEDDEDSGGRTSSAMAIGGGGSGALGSGLLLEDSARLLAPGGQDLGSGPAPAVGALSGGTQTPLQPQQPLPLTQPGAAGSSGQPRKCSSRRNAWGNLSYADLITRAIESSPDKRLTLSQIYEWMVRCVPYFKDKGDSNSSAGWKNSIRHNLSLHSRFMRVQNEGTGKSSWWIINPDGGKSGKAPRRRAVSMDNSNKYTKSRGRAAKKKAASQTAPESADDSPSQLSKWPGSPTSRSSDELDAWTDFRSRTNSNASTVSGRLSPILASTELDDVQDDDAPLSPMLYSSSASLSPSVSKPCTVELPRLTDMAGTMNLNDGLADNLMDDLLDNITLQSSQSSPTGGLMQRSSSFPYTTKGSGLGSPTSSFNSTVFGPSSLNSLRQSPMQTIQENKPATFSSMSHYGNQTLQDLLTSDSLSHSDVMMTQSDPLMSQASTAVSAQNSRRNVMLRNDPMMSFAAQPNQGNLVNQNLLHHQHQTQGALGGSRALSNSVSNMGLSDSSSLGSAKHQQQSLVSQSMQTLSDSLSGSSLYSSSANLPVMGHEKFPSDLDLDMFNGSLECDMESIIRSELMDADGLDFNFDSLISTQNVVGLNVGNFTGAKQASSQSWVPG,rodents-unaligned-test
60,>XP_031204201.1 forkhead box protein O3 [Mastomys coucha],-1441.7381097480124,MAEAPASPVPLSPLEVELDPEFEPQSRPRSCTWPLQRPELQASPAKPSGETAADSMIPEEDDDEDDEDGGGRASSAMVIGGGVSGTLGSGLLLEDSARLLAPGGQDLGSGPASATGALSGGTPTQLQPQQPLPPLQPGAAGGSGQPRKCSSRRNAWGNLSYADLITRAIESSPDKRLTLSQIYEWMVRCVPYFKDKGDSNSSAGWKNSIRHNLSLHSRFMRVQNEGTGKSSWWIINPDGGKSGKAPRRRAVSMDNSNKYTKSRGRAAKKKAALQAAPEAAEDSPSSQLSKWPGSPTSRSSDELDAWTDFRSRTNSNASTVSGRLSPILASTELDDVQDDDGPLSPMLYSSSASLSPSVSKPCNVELPRLTDMAGTMNLNDGLAENLMDDLLDNITLPPSQPSPPGGLMQRSSSFPYTAKSSGLGSPTSSFNSTVFGPSSLNSLRQSPMQTIQENRPATFSSVSHYGNQTLQDLLTSDSLSHSDVMMTQSDPLMSQASTAVSAQNARRNVMLRNDPMMSFAAQPTQGSLVTQNLLHHQHQTQGALGGSRALSNSVSNMGLSDSSSPGSAKHQQQSPVSQSMQTLSDSLSGSSLYSASANLPVMGHDKFPSDLDLDMFNGSLECDMESIIRSELMDADGLDFNFDSLISTQNVVGLNVGNFTGAKQASSQSWVPG,rodents-unaligned-test
61,>XP_029338426.1 forkhead box protein O3 [Mus caroli],-1438.6219449404923,MAEAPASPVPLSPLEVELDPEFEPQSRPRSCTWPLQRPELQASPAKPSGETAADSMIPEEDDDEDDEDGGGQASSAMVIGGGVSSTLGSGLLLEDSAMLLAPGGQDLGSGPASAAGALSGGTPTQLQPQQPLPPPQPGAAGGSGQPRKCSSRRNAWGNLSYADLITRAIESSPDKRLTLSQIYEWMVRCVPYFKDKGDSNSSAGWKNSIRHNLSLHSRFMRVQNEGTGKSSWWIINPDGGKSGKAPRRRAVSMDNSNKYTKSRGRAAKKKAALQAAPESADDSPSQLSKWPGSPTSRSSDELDAWTDFRSRTNSNASTVSGRLSPILASTELDDVQDDDGPLSPMLYSSSASLSPSVSKPCTVELPRLTDMAGTMNLNDGLAENLMDDLLDNIALPPSQPSPPGGLMQRGSSFPYTAKSSGLGSPTGSFNSTVFGPSSLNSLRQSPMQTIQENRPATFSSVSHYGNQTLQDLLASDSLSHSDVMMTQSDPLMSQASTAVSAQNARRNVMLRNDPMMSFAAQPTQGSLVNQNLLHHQHQTQGALGGSRALSNSVSNMGLSDSSSLGSAKHQQQSPASQSMQTLSDSLSGSSLYSASANLPVMGHDKFPSDLDLDMFNGSLECDMESIIRSELMDADGLDFNFDSLISTQNVVGLNVGNFTGAKQASSQSWVPG,rodents-unaligned-test
62,>XP_028624888.1 forkhead box protein O3 [Grammomys surdaster],-1440.9179294067014,MAEAPASPVPLSPLEVELDPEFEPQSRPRSCTWPLQRPELQASPAKPSGETAADSMIPEEDDDEDDEDGGRASSAMVIGGGVSSTLGSGLLLEDSARLLAPGGQDLGSGPASAAGALSGGTQTQLQPQQPLPPPQPGAAGGSGQARKCSSRRNAWGNLSYADLITRAIESSPDKRLTLSQIYEWMVRCVPYFKDKGDSNSSAGWKNSIRHNLSLHSRFMRVQNEGTGKSSWWVINPDGGKSGKAPRRRAVSMDNSNKYTKSRGRAAKKKAALQAAPESADDSPSQLSKWPGSPTSRSSDELDAWTDFRSRTNSNASTVSGRLSPILASTELDDVQDDDGPLSPMLYSSSASLSPSVSKPCTVELPRLTDMAGTMNLNDGLAENLMDDLLDNIALPASQPSPPGGLLQRSSSFSYTTKSSGLGSPTSSFNSTVFGPSSLTSLRQSPMQTIQENRPATFSSVSHYGNQTLQDLLTSDALSHSDVMMTQSDPLMSQASTAVSVQNARRNVMLRNDPMMSFAAQPTQGSLVNQNLLHHQHQTQGALGGSRALSNSVSNLGLSDSSSLGSAKHQQQSPVSQSMQTLSDSLSGSSLYSASANLPVMGHDRFPSDLDLDMFNGSLECDMESIIRSELMDADGLDFNFDSLISTQSVVGLNVGNFTGAKQASSQSWVPG,rodents-unaligned-test
63,>XP_023578059.1 forkhead box protein O3 [Octodon degus],-1470.4956813807837,MAEAAASPVPVSPLEVEVDPEFEPQSRPRSCTWPLQRPELQASPAKPSGETAADSMIPEEEDDEDDEDSGGRASSAMAIGGGGSCTLGSGLLLDDSARLLAPGGQDLGSGPAPTVGVLSGGTQTPLQPQQPLPPAQPGAAGSSGQPRKCSSRRNAWGNLSYADLITRAIESSPDKRLTLSQIYEWMVRCVPYFKDKGDSNSSAGWKNSIRHNLSLHSRFMRVQNEGTGKSSWWIINPDGGKSGKAPRRRAVSMDNSNKYTKSRGRAAKKKAALQTAPESADDSPSQLSKWPGSPTSRSSDELDAWTDFRSRTNSNASTVSGRLSPILASTELDDVQDDEAPLSPMLYSSSASLSPSVSKPCTVELPRLTDMAGTMNLNDGLADNLMDDLLDNITLQSSQPSPTGGLMQRSSSFPYTTKGSGLGSPTNSFNSTVFGPSSLNSLRQSPMQTIQENKPATFSSMSHYGNQTLQDLLTSDSLSHSDVMMTQSDPLMSQASTAVSAQNSRRNVMLRSDPMMSFAAQPNQGSLVNQNLLHHQHQTQGALGGSRALSNSVSNMGLSDSSSLGSAKHQQQSPVSQSMQTLSDSLSGSSLYSASANLPVMGHEKFPSDLDLDMFNGSLECDMESIIRSELMDADGLDFNFDSLISTQNVVGLNVGNFTGAKQASSQSWVPG,rodents-unaligned-test
